<?xml version="1.0" encoding="UTF-8"?>
<project-private xmlns="http://www.netbeans.org/ns/project-private/1">
    <editor-bookmarks xmlns="http://www.netbeans.org/ns/editor-bookmarks/2" lastBookmarkId="0"/>
    <open-files xmlns="http://www.netbeans.org/ns/projectui-open-files/2">
        <group>
            <file>file:/F:/SESSION%20IV/DB%20Design/Banking_System_Third_PART/BankingProject/src/bankingproject/NewJFrameSearchClient.java</file>
            <file>file:/F:/SESSION%20IV/DB%20Design/Banking_System_Third_PART/BankingProject/src/bankingproject/BankingGinterface.java</file>
            <file>file:/F:/SESSION%20IV/DB%20Design/Banking_System_Third_PART/BankingProject/src/bankingproject/COMMISSIONJFrame.java</file>
            <file>file:/F:/SESSION%20IV/DB%20Design/Banking_System_Third_PART/BankingProject/src/bankingproject/SearchJFrame_Id_Commission.java</file>
            <file>file:/F:/SESSION%20IV/DB%20Design/Banking_System_Third_PART/BankingProject/src/bankingproject/GUI4_Update_charge.java</file>
            <file>file:/F:/SESSION%20IV/DB%20Design/Banking_System_Third_PART/BankingProject/src/bankingproject/AddNewTypeCommission.java</file>
            <file>file:/F:/SESSION%20IV/DB%20Design/Banking_System_Third_PART/BankingProject/src/bankingproject/ApdateTypeCommission.java</file>
            <file>file:/F:/SESSION%20IV/DB%20Design/Banking_System_Third_PART/BankingProject/src/bankingproject/NewJFrameSearch.java</file>
            <file>file:/F:/SESSION%20IV/DB%20Design/Banking_System_Third_PART/BankingProject/src/bankingproject/TestBankingProject.java</file>
        </group>
    </open-files>
</project-private>
